texts,category
‡∏ã‡∏∑‡πâ‡∏≠‡πÅ‡∏ï‡πà‡∏ú‡πâ‡∏≤‡∏≠‡∏ô‡∏≤‡∏°‡∏±‡∏¢‡πÅ‡∏ö‡∏ö‡πÄ‡∏¢‡πá‡∏ô‡∏°‡∏≤‡∏Ñ‡πà‡∏∞ ‡πÅ‡∏ö‡∏ö‡∏ß‡πà‡∏≤‡∏≠‡∏µ‡∏´‡πà‡∏≤‡∏Å‡∏π‡∏ô‡∏≠‡∏ô‡πÑ‡∏°‡πà‡πÑ‡∏î‡πâ,2
‡∏Ñ‡∏£‡∏±‡∏ö #phithanbkk,1
‡∏Å‡∏≤‡∏£‡∏î‡πà‡∏≤‡πÑ‡∏õ‡πÄ‡∏´‡∏°‡∏∑‡∏≠‡∏ô‡πÑ‡∏î‡πâ‡∏ö‡∏£‡∏£‡πÄ‡∏ó‡∏≤‡∏Ñ‡∏ß‡∏≤‡∏°‡πÄ‡∏Ñ‡∏£‡∏µ‡∏¢‡∏î‡πÄ‡∏â‡∏¢‡πÜ ‡πÅ‡∏ï‡πà‡∏ö‡∏µ‡∏ó‡∏µ‡πÄ‡∏≠‡∏™ (‡∏£‡∏ñ‡πÑ‡∏ü‡∏ü‡πâ‡∏≤) ‡∏°‡∏±‡∏ô‡∏™‡∏≥‡∏ô‡∏∂‡∏Å‡∏°‡∏±‡πâ‡∏¢ ‡∏Å‡πá‡πÑ‡∏°‡πà‡∏≠‡πà‡∏∞ üòï,2
Cf clarins 5 ‡∏Ç‡∏ß‡∏î 2850,1
‡∏ó‡∏≤‡∏ô‡πÑ‡∏î‡πâ‡∏Ñ‡πà‡∏∞ ‡∏ô‡πâ‡∏≥‡∏ã‡∏∏‡∏õ MK ‡∏ï‡πâ‡∏°‡∏°‡∏≤‡∏à‡∏≤‡∏Å‡∏´‡∏±‡∏ß‡∏ú‡∏±‡∏Å‡∏Å‡∏≤‡∏î ‡∏ã‡∏µ‡∏≠‡∏¥‡πâ‡∏ß‡∏Ç‡∏≤‡∏ß ‡πÄ‡∏Å‡∏•‡∏∑‡∏≠ ‡πÅ‡∏•‡∏ô‡πâ‡∏≥‡∏ï‡∏≤‡∏•‡∏Ñ‡πà‡∏∞,1
‡πÄ‡∏Ñ‡∏•‡πá‡∏î‡∏•‡∏±‡∏ö‡∏ó‡∏µ‡πà‡∏Ç‡∏≤‡∏î‡πÑ‡∏°‡πà‡πÑ‡∏î‡πâ‡πÉ‡∏ô‡∏Å‡∏≤‡∏£‡∏õ‡πâ‡∏≠‡∏á‡∏Å‡∏±‡∏ô‡∏ú‡∏¥‡∏ß‡∏à‡∏≤‡∏Å‡πÅ‡∏™‡∏á‡πÅ‡∏î‡∏î ‡∏Ñ‡∏∑‡∏≠‡∏Å‡∏≤‡∏£‡∏ó‡∏≤‡∏Ñ‡∏£‡∏µ‡∏°‡∏Å‡∏±‡∏ô‡πÅ‡∏î‡∏î ‡∏™‡∏≤‡∏ß‡πÜ‡∏ö‡πâ‡∏≤‡∏á‡∏Ñ‡∏ô‡∏≠‡∏≤‡∏à‡∏à‡∏∞‡∏Ñ‡∏¥‡∏î‡∏ß‡πà‡∏≤‡∏°‡∏±‡∏ô‡πÑ‡∏°‡πà‡πÉ‡∏ä‡πà‡πÄ‡∏£‡∏∑‡πà‡∏≠‡∏á‡∏™‡∏≥‡∏Ñ‡∏±‡∏ç‡πÄ‡∏ó‡πà‡∏≤‡πÑ‡∏´‡∏£‡πà ‡πÅ‡∏ï‡πà‡∏ö‡∏≠‡∏Å‡πÄ‡∏•‡∏¢‡∏ß‡πà‡∏≤ ‡∏ú‡∏¥‡∏î‡∏°‡∏≤‡∏Å ‡πÄ‡∏û‡∏£‡∏≤‡∏∞‡πÅ‡∏™‡∏á‡πÅ‡∏î‡∏î‡∏™‡∏°‡∏±‡∏¢‡∏ô‡∏µ‡πâ‡πÅ‡∏£‡∏á‡∏°‡∏≤‡∏Å ‡πÅ‡∏•‡∏∞‡∏°‡∏µ‡∏≠‡∏ô‡∏∏‡∏†‡∏≤‡∏û‡∏Å‡∏≤‡∏£‡∏ó‡∏≥‡∏•‡∏≤‡∏¢‡∏ú‡∏¥‡∏ß‡∏™‡∏π‡∏á‡∏°‡∏≤‡∏Å ‡∏ñ‡πâ‡∏≤‡πÑ‡∏°‡πà‡∏≠‡∏¢‡∏≤‡∏Å‡πÉ‡∏´‡πâ‡∏ú‡∏¥‡∏ß‡πÄ‡∏£‡∏≤‡∏ñ‡∏π‡∏Å‡∏ó‡∏≥‡∏£‡πâ‡∏≤‡∏¢‡πÅ‡∏ö‡∏ö‡∏ã‡πâ‡∏≥‡πÜ‡∏ã‡∏≤‡∏Å ‡∏Ñ‡∏ß‡∏£‡∏ó‡∏≤‡∏Ñ‡∏£‡∏µ‡∏°‡∏Å‡∏±‡∏ô‡πÅ‡∏î‡∏î‡∏ó‡∏µ‡πà‡∏î‡∏µ‡∏°‡∏µ‡∏Ñ‡∏∏‡∏ì‡∏†‡∏≤‡∏û‡∏≠‡∏¢‡πà‡∏≤‡∏á Eucerin Sun Age Repair Serum ‡∏õ‡∏±‡∏à‡∏à‡∏∏‡∏ö‡∏±‡∏ô‡∏Ñ‡∏£‡∏µ‡∏°‡∏Å‡∏±‡∏ô‡πÅ‡∏î‡∏î‡∏°‡∏µ‡∏°‡∏≤‡∏Å‡∏°‡∏≤‡∏¢‡πÉ‡∏´‡πâ‡πÄ‡∏£‡∏≤‡πÄ‡∏•‡∏∑‡∏≠‡∏Å‡∏ã‡∏∑‡πâ‡∏≠‡∏Å‡πá‡∏à‡∏£‡∏¥‡∏á ‡πÅ‡∏ï‡πà‡∏Å‡πá‡∏≠‡∏¢‡πà‡∏≤‡∏•‡∏∑‡∏°‡πÄ‡∏•‡∏∑‡∏≠‡∏Å‡∏™‡∏¥‡πà‡∏á‡∏ó‡∏µ‡πà‡∏î‡∏µ‡∏ó‡∏µ‡πà‡∏™‡∏∏‡∏î‡πÉ‡∏´‡πâ‡∏ï‡∏±‡∏ß‡πÄ‡∏£‡∏≤‡∏≠‡∏¢‡πà‡∏≤‡∏á Eucerin Sun Acne oil Control ‡∏Ñ‡πà‡∏∞,1
‡∏™‡∏≥‡∏´‡∏£‡∏±‡∏ö‡∏™‡∏π‡∏ï‡∏£‡∏Ç‡∏≠‡∏á‡∏ú‡∏° ‡∏Ñ‡∏∑‡∏≠ Jack Daniel's ‡∏´‡∏ß‡∏≤‡∏ô‡∏ã‡πà‡∏≠‡∏ô‡πÄ‡∏õ‡∏£‡∏µ‡πâ‡∏¢‡∏ß‡∏ä‡∏∑‡πà‡∏≠ Jack Yellow Life ‡∏™‡πà‡∏ß‡∏ô‡∏õ‡∏£‡∏∞‡∏Å‡∏≠‡∏ö Jack Daniel's 2 ‡∏ä‡∏≠‡∏ó ‡∏ô‡πâ‡∏≥‡πÄ‡∏Å‡πä‡∏Å‡∏Æ‡∏ß‡∏¢ ‡∏ô‡πâ‡∏≥‡∏°‡∏∞‡∏ô‡∏≤‡∏ß ‡πÉ‡∏ö‡∏°‡∏¥‡πâ‡∏ô‡∏ó‡πå ‡πÄ‡∏Å‡∏•‡∏∑‡∏≠‡πÄ‡∏•‡πá‡∏Å‡∏ô‡πâ‡∏≠‡∏¢ ‡∏ß‡∏¥‡∏ò‡∏µ‡∏õ‡∏£‡∏∏‡∏á ‡∏ô‡∏≥ JackDaniel's ‡∏°‡∏≤‡πÄ‡∏Ç‡∏¢‡πà‡∏≤‡∏Å‡∏±‡∏ö‡∏ô‡πâ‡∏≥‡πÄ‡∏Å‡πä‡∏Å‡∏Æ‡∏ß‡∏¢ ‡πÄ‡∏à‡∏∑‡∏≠‡∏î‡πâ‡∏ß‡∏¢‡∏ô‡πâ‡∏≥‡∏°‡∏∞‡∏ô‡∏≤‡∏ß‡∏ö‡∏≤‡∏á‡πÜ ‡∏ï‡∏Å‡πÅ‡∏ï‡πà‡∏á‡∏î‡πâ‡∏ß‡∏¢‡πÉ‡∏ö‡∏°‡∏¥‡πâ‡∏ô ‡πÄ‡∏™‡∏£‡∏¥‡∏ü‡∏î‡πâ‡∏ß‡∏¢‡πÅ‡∏Å‡πâ‡∏ß‡∏ó‡∏µ‡πà‡∏ó‡∏≤‡πÄ‡∏Å‡∏•‡∏∑‡∏≠‡πÑ‡∏ß‡πâ‡∏ó‡∏µ‡πà‡∏õ‡∏≤‡∏Å‡πÅ‡∏Å‡πâ‡∏ß ‡∏£‡∏™‡∏ä‡∏≤‡∏ï‡∏¥‡∏ó‡∏µ‡πà‡∏à‡∏∞‡πÑ‡∏î‡πâ‡∏Ñ‡∏∑‡∏≠‡∏´‡∏ß‡∏≤‡∏ô ‡∏´‡∏≠‡∏° ‡∏ã‡πà‡∏≠‡∏ô‡πÄ‡∏õ‡∏£‡∏µ‡πâ‡∏¢‡∏ß ‡∏î‡πâ‡∏ß‡∏¢‡∏Ñ‡∏≠‡∏ô‡πÄ‡∏ã‡πá‡∏õ‡∏ß‡πà‡∏≤‡∏ô‡∏µ‡πà‡πÅ‡∏´‡∏•‡∏∞‡∏Ñ‡∏∑‡∏≠‡∏ä‡∏µ‡∏ß‡∏¥‡∏ï ‡∏à‡∏∞‡∏´‡∏ß‡∏≤‡∏ô‡∏≠‡∏¢‡πà‡∏≤‡∏á‡πÄ‡∏î‡∏µ‡∏¢‡∏ß‡∏Å‡πá‡∏à‡∏∞‡πÄ‡∏•‡∏µ‡πà‡∏¢‡∏ô‡πÑ‡∏õ ‡∏à‡∏∞‡πÄ‡∏õ‡∏£‡∏µ‡πâ‡∏¢‡∏ß‡πÄ‡∏Å‡∏¥‡∏ô‡πÑ‡∏õ‡∏Å‡πá‡πÑ‡∏°‡πà‡πÉ‡∏ä‡πà‡πÄ‡∏£‡∏∑‡πà‡∏≠‡∏á ‡∏à‡∏∂‡∏á‡∏Ñ‡∏ß‡∏£‡∏à‡∏∞‡∏°‡∏µ‡∏ó‡∏±‡πâ‡∏á‡πÄ‡∏õ‡∏£‡∏µ‡πâ‡∏¢‡∏ß ‡∏ó‡∏±‡πâ‡∏á‡∏´‡∏ß‡∏≤‡∏ô‡∏Ñ‡∏•‡∏∞‡πÄ‡∏Ñ‡∏•‡πâ‡∏≤‡∏Å‡∏±‡∏ô‡πÑ‡∏õ‡∏Ñ‡∏£‡∏±‡∏ö,1
‡πÄ‡∏à‡πâ‡∏ß‡πà‡∏≤‡∏Å‡∏≤‡∏£‡πå‡∏ô‡∏¥‡πÄ‡∏¢‡πà‡πÅ‡∏≠‡∏ö‡πÅ‡∏£‡∏á‡∏ô‡∏¥‡∏™‡∏´‡∏ô‡πà‡∏≠‡∏¢ ‡πÄ‡∏Ñ‡∏¢‡πÉ‡∏ä‡πâ‡πÇ‡∏¢‡πÄ‡∏Å‡∏¥‡∏£‡πå‡∏ï‡πÑ‡∏°‡πä ‡∏û‡∏£‡∏∏‡πâ‡∏á‡∏ô‡∏µ‡πâ‡∏•‡∏≠‡∏á‡∏û‡∏≠‡∏Å‡∏´‡∏ô‡πâ‡∏≤‡∏î‡∏π‡∏ó‡∏≥‡πÉ‡∏´‡πâ‡∏´‡∏ô‡πâ‡∏≤‡∏™‡∏ö‡∏≤‡∏¢‡∏Ç‡∏∂‡πâ‡∏ô ‡∏ô‡∏∏‡πà‡∏°‡∏Ç‡∏∂‡πâ‡∏ô ‡∏´‡∏≤‡∏¢‡πÑ‡∏ß‡πÑ‡∏ß‡∏ô‡πä‡∏≤‡∏≤‡∏≤‡∏≤,2
‡πÄ‡∏≠‡πÖ‡∏à‡∏£‡∏¥‡∏á‡πÜ‡∏ñ‡πâ‡πÖ‡∏°‡∏±‡∏ô‡πÄ‡∏õ‡∏¥‡∏î‡πÉ‡∏´‡πâ‡πÉ‡∏ä‡πâ‡πÅ‡∏•‡∏∞‡∏ñ‡∏π‡∏Å‡∏Å‡∏é‡∏´‡∏°‡πÖ‡∏¢‡∏à‡∏£‡∏¥‡∏ß‡∏Ñ‡∏á‡∏Å‡∏•‡∏±‡∏ß‡∏à‡∏∞‡πÄ‡∏Å‡πá‡∏ö‡∏†‡πÖ‡∏©‡∏µ‡∏¢‡∏±‡∏á‡πÑ‡∏á‡∏£‡∏∂‡∏õ‡πà‡πÖ‡∏ß,1
‡∏≠‡∏¥‡∏ú‡πâ‡∏≤‡∏≠‡∏ô‡∏≤‡∏°‡∏±‡∏¢‡πÄ‡∏´‡∏¥‡πâ‡∏¢ ‡∏ï‡∏¥‡∏î‡∏ó‡∏∏‡∏Å‡∏≠‡∏¢‡πà‡∏≤‡∏á ‡∏¢‡∏Å‡πÄ‡∏ß‡πâ‡∏ô‡∏Å‡∏≤‡∏á‡πÄ‡∏Å‡∏á‡πÉ‡∏ô,2
‡πÑ‡∏≠‡πÄ‡∏´‡∏µ‡πâ‡∏¢‡∏û‡∏ß‡∏Å‡πÄ‡∏´‡∏µ‡πâ‡∏¢‡∏ñ‡πâ‡∏≤‡πÑ‡∏°‡πà‡πÑ‡∏î‡πâ‡∏†‡∏≤‡∏©‡∏µ‡πÅ‡∏°‡πà‡∏á‡∏à‡∏±‡∏ö‡∏´‡∏°‡∏î‡πÑ‡∏≠‡∏™‡∏±‡∏™ ‡∏ô‡∏≤‡∏¢‡∏Å‡∏Å‡πâ‡∏ô‡∏¥‡πà‡∏á‡πÑ‡∏°‡πà‡∏°‡∏≠‡∏á‡∏î‡∏π‡∏õ‡∏£‡∏∞‡∏ä‡∏≤‡∏ä‡∏ô‡πÄ‡∏•‡∏¢ #‡∏ô‡∏µ‡πà‡∏´‡∏£‡∏∑‡∏≠‡∏õ‡∏£‡∏∞‡πÄ‡∏ó‡∏®‡πÑ‡∏ó‡∏¢,2
#SinghaPark #SinghaParkChiangRai #SocialEnterprise #‡∏™‡∏¥‡∏á‡∏´‡πå‡∏õ‡∏≤‡∏£‡πå‡∏Ñ‡πÄ‡∏ä‡∏µ‡∏¢‡∏á‡∏£‡∏≤‡∏¢ ‡πÄ‡∏ó‡∏®‡∏Å‡∏≤‡∏•‡πÅ‡∏´‡πà‡∏á‡∏Ñ‡∏ß‡∏≤‡∏°‡∏™‡∏∏‡∏Ç üíõ ‡∏°‡∏≤‡∏ñ‡πà‡∏≤‡∏¢‡∏£‡∏π‡∏õ‡∏™‡∏ß‡∏¢‡πÜ ‡∏ó‡∏µ‡πà‡∏™‡∏¥‡∏á‡∏´‡πå‡∏õ‡∏≤‡∏£‡πå‡∏Ñ ‡πÄ‡∏ä‡∏µ‡∏¢‡∏á‡∏£‡∏≤‡∏¢ ‡∏Å‡∏±‡∏ô‡πÄ‡∏ñ‡∏≠‡∏∞! credit ig --------------------------- ***Application 'Singhapark' app ‡∏ó‡∏µ‡πà‡∏à‡∏∞‡∏ä‡πà‡∏ß‡∏¢‡πÄ‡∏õ‡∏¥‡∏î‡∏õ‡∏£‡∏∞‡∏™‡∏ö‡∏Å‡∏≤‡∏£‡∏ì‡πå‡∏Å‡∏≤‡∏£‡∏ó‡πà‡∏≠‡∏á‡πÄ‡∏ó‡∏µ‡πà‡∏¢‡∏ß‡∏ó‡∏µ‡πà‡∏™‡∏¥‡∏á‡∏´‡πå‡∏õ‡∏≤‡∏£‡πå‡∏Ñ‡πÄ‡∏ä‡∏µ‡∏¢‡∏á‡∏£‡∏≤‡∏¢‡πÉ‡∏´‡πâ‡∏™‡∏ô‡∏∏‡∏Å‡∏°‡∏≤‡∏Å‡∏Ç‡∏∂‡πâ‡∏ô ‡∏û‡∏£‡πâ‡∏≠‡∏°‡πÉ‡∏´‡πâ‡∏î‡∏≤‡∏ß‡∏ô‡πå‡πÇ‡∏´‡∏•‡∏î‡πÅ‡∏•‡πâ‡∏ß‡∏ß‡∏±‡∏ô‡∏ô‡∏µ‡πâ ‡∏Ñ‡∏•‡∏¥‡∏Å‡πÄ‡∏•‡∏¢ ----> ios : https://appsto.re/th/s-0gdb.i android : https://play.google.com/store/apps/details?id=com.singha.singhapark,1
‡∏Å‡∏¥‡∏ô‡∏Å‡πà‡∏≠‡∏ô‡∏à‡πà‡∏≤‡∏¢‡∏ó‡∏µ‡∏´‡∏•‡∏±‡∏á‡πÑ‡∏á,1
‡∏´‡∏°‡∏π‡∏Å‡∏£‡∏∞‡∏ó‡∏∞ ‡∏ä‡∏≤‡∏ö‡∏π ‡∏ö‡∏∏‡∏ü‡πÄ‡∏ü‡∏ï‡πå ‡∏Æ‡∏≠‡∏ï‡∏û‡∏≠‡∏ï ‡∏ô‡∏µ‡πâ‡∏Ñ‡∏∑‡∏≠‡∏ä‡∏∑‡πà‡∏≠‡∏•‡∏π‡∏Å‡∏ô‡πâ‡∏≠‡∏á‡∏°‡∏∏‡∏Å,1
‡∏™‡∏≥‡∏´‡∏£‡∏±‡∏ö‡∏á‡∏≤‡∏ô Transmisson : The Spirit of Warrior ‡∏ï‡πâ‡∏≠‡∏á‡∏Ç‡∏ß‡∏î‡∏ô‡∏µ‡πâ‡∏Ñ‡πà‡∏∞ Jack Daniel's Tennessee Whiskey honey ‡∏õ‡πá‡∏ô‡∏ß‡∏¥‡∏™‡∏Å‡∏µ‡πâ‡∏ó‡∏µ‡πà‡πÇ‡∏î‡∏î‡πÄ‡∏î‡πà‡∏ô‡πÉ‡∏ô‡πÄ‡∏£‡∏∑‡πà‡∏≠‡∏á‡∏Ç‡∏≠‡∏á‡∏Ñ‡∏ß‡∏≤‡∏°‡∏´‡∏≠‡∏°‡∏´‡∏ß‡∏≤‡∏ô‡∏£‡∏≤‡∏ß‡∏Å‡∏±‡∏ö‡∏ô‡πâ‡∏≥‡∏ú‡∏∂‡πâ‡∏á(‡πÄ‡∏î‡∏∑‡∏≠‡∏ô5) ‡πÄ‡∏û‡∏£‡∏≤‡∏∞‡∏ô‡∏≥‡πÄ‡∏≠‡∏≤ Honey Liqueur ‡∏ñ‡∏∂‡∏á 4 ‡∏ä‡∏ô‡∏¥‡∏î‡∏ú‡∏™‡∏°‡πÄ‡∏Ç‡πâ‡∏≤‡πÑ‡∏õ ‡∏ó‡∏≥‡πÉ‡∏´‡πâ‡πÑ‡∏î‡πâ‡∏£‡∏™‡πÄ‡∏Ç‡πâ‡∏°‡∏Ç‡πâ‡∏ô‡πÄ‡∏´‡∏°‡∏∑‡∏≠‡∏ô‡∏Å‡∏±‡∏ö‡∏î‡∏∑‡πà‡∏°‡∏ô‡πâ‡∏≥‡∏ú‡∏∂‡πâ‡∏á‡∏≠‡∏¢‡∏π‡πà‡∏à‡∏£‡∏¥‡∏á ‡πÜ ‡πÅ‡∏ï‡πà‡πÑ‡∏°‡πà‡πÑ‡∏î‡πâ‡∏´‡∏ß‡∏≤‡∏ô‡∏°‡∏≤‡∏Å‡∏à‡∏ô‡∏ö‡∏≤‡∏î‡∏Ñ‡∏≠‡∏ô‡∏∞‡∏Ñ‡∏∞ ‡∏ú‡∏π‡πâ‡∏ä‡∏≤‡∏¢‡∏Å‡πá‡∏ä‡∏≠‡∏ö‡∏ú‡∏π‡πâ‡∏´‡∏ç‡∏¥‡∏á‡∏Å‡πá‡∏ï‡πâ‡∏≠‡∏á‡∏ö‡∏≠‡∏Å‡∏ß‡πà‡∏≤‡πÉ‡∏ä‡πà!! ‡πÅ‡∏•‡πâ‡∏ß‡πÄ‡∏à‡∏≠‡∏Å‡∏±‡∏ô‡∏Ñ‡πà‡∏∞ <3,0
‡∏™‡∏¥‡∏ô‡∏≠‡∏≠‡πÇ‡∏ï‡πâ‡πÄ‡∏ã‡∏≠‡∏£‡πå‡∏ß‡∏¥‡∏™ ‡∏≠‡∏π‡πà‡πÄ‡∏ä‡∏ü‡πÇ‡∏£‡πÄ‡∏•‡∏ï ‡∏≠‡∏∞‡πÑ‡∏´‡∏•‡πà‡πÄ‡∏ä‡∏ü‡πÇ‡∏£‡πÄ‡∏•‡∏ï ‡∏≠‡∏π‡πà‡∏ã‡∏≤‡∏ü‡∏µ‡∏£‡πà‡∏≤ ‡∏≠‡∏∞‡πÑ‡∏´‡∏•‡πà‡∏ã‡∏≤‡∏ü‡∏µ‡∏£‡πà‡∏≤ ‡∏ï‡∏¥‡∏î‡∏≠‡∏≠‡∏¢‡πÄ‡∏Å‡∏µ‡∏¢‡∏£‡πå Cruze 1.8 ‡∏£‡∏≤‡∏Ñ‡∏≤‡πÄ‡∏ó‡πà‡∏≤‡πÑ‡∏´‡∏£‡πà‡∏Ñ‡∏£‡∏±‡∏ö ‡πÉ‡∏ä‡πâ‡∏£‡∏∞‡∏¢‡∏∞‡πÄ‡∏ß‡∏•‡∏≤‡∏ô‡∏≤‡∏ô‡πÅ‡∏Ñ‡πà‡πÑ‡∏´‡∏ô‡∏Ñ‡∏±‡∏ö,1
"‡∏â‡∏µ‡∏î jomalone english pear ‡∏°‡∏≤‡∏Ñ‡πà‡∏∞ ‡∏õ‡πâ‡∏≤‡∏ó‡∏±‡∏Å‡∏ß‡πà‡∏≤ ""‡∏Å‡∏•‡∏¥‡πà‡∏ô‡πÄ‡∏´‡∏°‡∏∑‡∏≠‡∏ô‡∏ö‡∏∏‡∏´‡∏£‡∏µ‡πà"" ‡∏£‡πâ‡∏≠‡∏á‡πÑ‡∏´‡πâ...",2
‡∏ï‡∏π‡πâ‡∏ß‡∏´‡∏π‡∏ß‡∏ß‡∏ß‡∏ß ‡∏Å‡∏∞‡πÄ‡∏û‡∏£‡∏≤‡πÄ‡∏õ‡πá‡∏î‡∏¢‡πà‡∏≤‡∏á‡∏á‡∏á‡∏á,1
‡∏†‡∏≤‡∏Ñ‡πÄ‡∏´‡∏ô‡∏∑‡∏≠‡πÑ‡∏°‡πà‡∏Ñ‡πà‡∏≠‡∏¢‡∏°‡∏µ‡∏™‡∏≤‡∏Ç‡∏≤‡πÄ‡∏•‡∏¢ ‡∏™‡∏≠‡∏á‡∏°‡∏≤‡∏ï‡∏£‡∏ê‡∏≤‡∏ô‡∏°‡∏≤‡∏Å!! ‡πÄ‡∏û‡∏¥‡πà‡∏°‡∏™‡∏≤‡∏Ç‡∏≤‡∏´‡∏ô‡πà‡∏≠‡∏¢‡∏™‡∏¥‡∏Ñ‡∏£‡∏±‡∏ö,2
‡πÄ‡∏°‡∏∑‡πà‡∏≠‡∏≠‡∏≤‡∏¢‡∏∏‡πÄ‡∏û‡∏¥‡πà‡∏°‡∏°‡∏≤‡∏Å‡∏Ç‡∏∂‡πâ‡∏ô ‡∏£‡πà‡∏≤‡∏á‡∏Å‡∏≤‡∏¢‡∏Å‡πá‡πÄ‡∏£‡∏¥‡πà‡∏°‡πÄ‡∏™‡∏∑‡πà‡∏≠‡∏°‡∏ñ‡∏≠‡∏¢‡∏ï‡∏≤‡∏°‡πÑ‡∏õ‡∏î‡πâ‡∏ß‡∏¢ ‡∏™‡∏°‡∏≠‡∏á‡πÄ‡∏≠‡∏á‡∏Å‡πá‡πÄ‡∏ä‡πà‡∏ô‡∏Å‡∏±‡∏ô ‡πÅ‡∏•‡∏∞‡∏´‡∏≤‡∏Å‡∏ú‡∏π‡πâ‡∏™‡∏π‡∏á‡∏ß‡∏±‡∏¢‡∏°‡∏µ‡∏≠‡∏≤‡∏Å‡∏≤‡∏£‡∏´‡∏•‡∏á‡∏•‡∏∑‡∏° ‡∏Ñ‡∏ß‡∏≤‡∏°‡∏à‡∏≥‡∏£‡∏∞‡∏¢‡∏∞‡∏™‡∏±‡πâ‡∏ô‡πÑ‡∏°‡πà‡∏î‡∏µ ‡∏û‡∏π‡∏î‡∏ã‡πâ‡∏≥ ‡πÅ‡∏Å‡πâ‡∏õ‡∏±‡∏ç‡∏´‡∏≤‡πÑ‡∏°‡πà‡πÑ‡∏î‡πâ ‡πÄ‡∏™‡∏µ‡πà‡∏¢‡∏á‡πÇ‡∏£‡∏Ñ‡∏™‡∏°‡∏≠‡∏á‡πÄ‡∏™‡∏∑‡πà‡∏≠‡∏° ‡∏Ñ‡∏ß‡∏£‡∏£‡∏µ‡∏ö‡πÄ‡∏Ç‡πâ‡∏≤‡∏û‡∏ö‡πÅ‡∏û‡∏ó‡∏¢‡πå‡πÄ‡∏û‡∏∑‡πà‡∏≠‡πÄ‡∏Ç‡πâ‡∏≤‡∏£‡∏±‡∏ö‡∏Å‡∏≤‡∏£‡∏£‡∏±‡∏Å‡∏©‡∏≤‡∏ï‡∏±‡πâ‡∏á‡πÅ‡∏ï‡πà‡πÅ‡∏£‡∏Å‡πÄ‡∏£‡∏¥‡πà‡∏° ‡πÄ‡∏û‡∏∑‡πà‡∏≠‡∏î‡∏π‡πÅ‡∏•‡∏ï‡∏±‡∏ß‡πÄ‡∏≠‡∏á‡πÄ‡∏™‡∏µ‡∏¢‡∏ï‡∏±‡πâ‡∏á‡πÅ‡∏ï‡πà‡∏ï‡∏≠‡∏ô‡∏ô‡∏µ‡πâ‡∏ô‡∏∞‡∏Ñ‡∏∞,1
‡∏ï‡∏π‡πâ‡∏¢‡∏≤‡∏≠‡∏≤‡∏¢‡∏∏‡∏ß‡∏±‡∏í‡∏ô‡∏∞‡πÄ‡∏Ñ‡∏•‡∏∑‡πà‡∏≠‡∏ô‡∏ó‡∏µ‡πà ‡∏Ç‡∏≠‡∏á‡∏î‡∏µ‡πÑ‡∏ó‡∏¢‡πÄ‡∏£‡∏≤‡∏ó‡∏µ‡πà‡∏≠‡∏¢‡∏≤‡∏Å‡∏ö‡∏≠‡∏Å‡∏ï‡πà‡∏≠ ‡∏°‡∏≤‡πÑ‡∏Ç‡∏Ñ‡∏ß‡∏≤‡∏°‡∏•‡∏±‡∏ö‡∏™‡∏∏‡∏Ç‡∏†‡∏≤‡∏û‡∏î‡∏µ‡∏Ç‡∏≠‡∏á‡∏ö‡∏£‡∏£‡∏û‡∏ä‡∏ô ‡∏ó‡∏µ‡πà‡∏°‡∏µ‡∏≠‡∏≤‡∏¢‡∏∏‡∏¢‡∏∑‡∏ô‡∏¢‡∏≤‡∏ß ‡∏™‡∏∏‡∏Ç‡∏†‡∏≤‡∏û‡∏î‡∏µ ‡∏£‡πà‡∏≤‡∏á‡∏Å‡∏≤‡∏¢‡πÅ‡∏Ç‡πá‡∏á‡πÅ‡∏£‡∏á ‡πÄ‡∏û‡∏£‡∏≤‡∏∞‡πÄ‡∏´‡∏ï‡∏∏‡πÉ‡∏î‡∏Å‡∏±‡∏ô‡∏£‡∏∑‡∏≠...‡∏ß‡∏±‡∏ô‡∏ô‡∏µ‡πâ‡πÄ‡∏£‡∏≤‡πÉ‡∏ô‡∏ê‡∏≤‡∏ô‡∏∞‡∏≠‡∏ô‡∏∏‡∏ä‡∏ô‡∏£‡∏∏‡πà‡∏ô‡∏´‡∏•‡∏±‡∏á‡∏à‡∏∞‡∏≠‡∏¢‡∏π‡πà‡∏≠‡∏¢‡πà‡∏≤‡∏á‡πÑ‡∏£‡πÉ‡∏´‡πâ‡∏™‡∏°‡∏ß‡∏±‡∏¢...‡∏™‡∏π‡∏á‡∏ß‡∏±‡∏¢ ‡∏≠‡∏¢‡πà‡∏≤‡∏á‡∏°‡∏µ‡∏Ñ‡∏∏‡∏ì‡∏†‡∏≤‡∏û ‡∏û‡∏£‡πâ‡∏≠‡∏°‡πÅ‡∏•‡πâ‡∏ß‡πÄ‡∏£‡∏≤‡∏°‡∏≤‡πÑ‡∏Ç‡πÄ‡∏Ñ‡∏•‡πá‡∏î‡∏•‡∏±‡∏ö ‡∏≠‡∏∏‡πà‡∏ô‡πÉ‡∏à...‡∏ä‡πà‡∏ß‡∏¢‡∏ä‡∏∞‡∏•‡∏≠‡∏ß‡∏±‡∏¢ ‡πÉ‡∏´‡πâ ‡πÑ‡∏Å‡∏•‡πÇ‡∏£‡∏Ñ... ‡πÑ‡∏°‡πà‡∏ß‡πà‡∏≤‡∏à‡∏∞‡πÄ‡∏õ‡πá‡∏ô -‡∏ï‡∏≥‡∏£‡∏±‡∏ö‡∏¢‡∏≤‡∏Å‡∏∏‡∏•‡∏Å‡∏≤ ‡∏¢‡∏≤‡∏ö‡∏≥‡∏£‡∏∏‡∏á‡∏Ç‡∏≠‡∏á‡∏ó‡∏∏‡∏Å‡πÄ‡∏û‡∏® ‡∏ó‡∏∏‡∏Å‡∏ß‡∏±‡∏¢ - ‡∏ï‡∏≥‡∏£‡∏±‡∏ö‡∏¢‡∏≤‡∏≠‡∏≤‡∏¢‡∏∏‡∏ß‡∏±‡∏í‡∏ô‡∏∞ ‡∏ö‡∏≥‡∏£‡∏∏‡∏á‡∏£‡πà‡∏≤‡∏á‡∏Å‡∏≤‡∏¢ ‡∏ö‡∏≥‡∏£‡∏∏‡∏á‡∏™‡∏ï‡∏£‡∏µ‡πÄ‡∏•‡∏∑‡∏≠‡∏î‡∏ô‡πâ‡∏≠‡∏¢ - ‡∏ï‡∏≥‡∏£‡∏±‡∏ö‡∏¢‡∏≤‡∏•‡∏π‡∏Å‡πÅ‡∏õ‡∏•‡∏Å‡πÅ‡∏°‡πà ‡∏ï‡∏≥‡∏£‡∏±‡∏ö‡∏¢‡∏≤‡∏™‡∏≤‡∏ß‡∏™‡∏ß‡∏¢‡πÉ‡∏ô‡∏ï‡∏≥‡∏ô‡∏≤‡∏ô - ‡∏™‡∏π‡∏ï‡∏£‡∏¢‡∏≤‡∏î‡∏≠‡∏á‡∏ô‡πâ‡∏≥‡∏ú‡∏∂‡πâ‡∏á ‡∏ï‡∏≥‡∏£‡∏±‡∏ö‡∏´‡∏•‡∏≤‡∏ô‡∏ó‡πà‡∏≤‡∏ô‡πÄ‡∏à‡πâ‡∏≤‡∏û‡∏£‡∏∞‡∏¢‡∏≤‡∏≠‡∏†‡∏±‡∏¢‡∏†‡∏π‡πÄ‡∏ö‡∏®‡∏£ #‡∏ï‡∏π‡πâ‡∏¢‡∏≤‡∏≠‡∏≤‡∏¢‡∏∏‡∏ß‡∏±‡∏í‡∏ô‡∏∞ #‡∏™‡∏°‡∏∏‡∏ô‡πÑ‡∏û‡∏£‡∏≠‡∏†‡∏±‡∏¢‡∏†‡∏π‡πÄ‡∏ö‡∏®‡∏£,1
‡∏°‡∏∂‡∏á‡∏ô‡∏≠‡∏Å‡πÉ‡∏à‡πÅ‡∏™‡∏á‡πÇ‡∏™‡∏°‡∏ï‡∏±‡πâ‡∏á‡πÅ‡∏ï‡πà‡πÄ‡∏°‡∏∑‡πà‡∏≠‡πÑ‡∏´‡∏£‡πà5555,1
‡πÄ‡∏Ñ‡∏£‡∏∑‡πà‡∏≠‡∏á v6 ‡∏Å‡∏µ‡πà cc‡∏Ñ‡∏£‡∏±‡∏ö ‡πÄ‡∏û‡∏£‡∏≤‡∏∞‡πÄ‡∏´‡πá‡∏ô‡∏Ç‡∏≠‡∏á‡∏ó‡∏µ‡πàtoyota ‡∏ö‡πâ‡∏≤‡∏ô‡πÄ‡∏£‡∏≤ ‡πÄ‡∏≠‡∏≤‡πÄ‡∏Ç‡πâ‡∏≤‡∏°‡∏≤ 3.5 v6 ‡∏¢‡∏±‡∏á‡∏õ‡∏≤‡πÑ‡∏õ ‡∏´‡πâ‡∏≤‡∏•‡πâ‡∏≤‡∏ô‡∏Å‡∏ß‡πà‡∏≤‡πÄ‡∏•‡∏¢‡∏Ñ‡∏£‡∏±‡∏ö,1
Cf ‡∏ö‡∏£‡∏±‡∏ä 4‡∏´‡∏•‡∏∏‡∏° tarte : 1790,1
‡∏ü‡∏≠‡∏£‡πå‡∏î ‡πÅ‡∏ô‡∏∞‡∏ô‡∏≥‡πÄ‡∏ó‡∏Ñ‡∏ô‡∏¥‡∏Ñ‡∏Ç‡∏±‡∏ö‡∏≠‡∏≠‡∏ü‡πÇ‡∏£‡∏î‡πÅ‡∏ö‡∏ö‡∏á‡πà‡∏≤‡∏¢‡πÜ,1
‡∏°‡∏±‡∏ô‡∏ö‡πà‡πÅ‡∏ã‡∏ö,1
‡πÉ‡∏ô‡πÄ‡∏ß‡πá‡∏ö‡πÑ‡∏ã‡∏ï‡πå‡∏à‡∏∞‡πÅ‡∏à‡πâ‡∏á‡∏™‡∏≤‡∏Ç‡∏≤‡∏ó‡∏µ‡πà‡πÑ‡∏°‡πà‡∏£‡πà‡∏ß‡∏°‡∏£‡∏≤‡∏¢‡∏Å‡∏≤‡∏£‡∏Ñ‡πà‡∏∞ ^^,1
‡∏ù‡πâ‡∏≤‡∏¢‡∏à‡∏∞‡πÑ‡∏°‡πà‡∏ó‡∏ô ‡∏Å‡∏±‡∏ö‡∏Ñ‡∏ô‡∏ô‡∏¥‡∏™‡∏±‡∏¢‡πÑ‡∏°‡πà‡∏î‡∏µ,2
‡πÅ‡∏ó‡πá‡∏Å‡πÅ‡∏°‡πà‡∏°‡∏≤‡∏î‡∏π,1
‡∏≠‡πä‡∏∞ ‡πÑ‡∏õ‡∏Å‡πá‡πÑ‡∏õ,0
